,Word,Value
0,x,2675
1,What,597
2,frac,573
3,f,544
4,b,518
5,value,443
6,real,430
7,If,356
8,The,336
9,sqrt,320
10,A,306
11,c,287
12,sum,248
13,Find,242
14,n,234
15,answer,203
16,many,195
17,p,193
18,two,192
19,draw,191
20,Express,186
21,integers,186
22,equation,183
23,B,165
24,label,164
25,positive,163
26,graph,156
27,g,151
28,number,147
29,true,138
30,numbers,123
31,How,117
32,Arrows,113
33,asy,110
34,integer,108
35,point,108
36,Let,108
37,r,107
38,form,106
39,C,106
40,text,105
41,cdot,105
42,xmax,105
43,right,103
44,left,101
45,values,100
46,xmin,100
47,points,96
48,k,96
49,square,96
50,sequence,95
51,size,94
52,fraction,94
53,line,94
54,ymin,93
55,ymax,93
56,one,91
57,xright,91
58,ytop,91
59,three,90
60,common,89
61,z,89
62,first,88
63,term,88
64,find,87
65,end,86
66,possible,85
67,dot,85
68,Ticks,82
69,product,79
70,Evaluate,77
71,linewidth,73
72,function,72
73,terms,70
74,expression,70
75,P,67
76,begin,66
77,solutions,66
78,For,65
79,axisarrowsize,65
80,axispen,65
81,xleft,65
82,ybottom,65
83,pen,63
84,cm,61
85,feet,61
86,gx,60
87,gy,60
88,area,58
89,ax,56
90,times,56
91,E,56
92,black,56
93,per,55
94,q,55
95,h,55
96,coordinates,54
97,Solve,52
98,total,52
99,false,52
100,TicksArrx,52
101,TicksArry,52
102,extend,52
103,pTick,52
104,lfloor,51
105,rfloor,51
106,following,51
107,units,50
108,hours,50
109,Size,50
110,D,50
111,day,50
112,bp,49
113,red,49
114,N,48
115,Given,48
116,align,48
117,defined,48
118,laxis,48
119,In,47
120,Simplify,47
121,distance,47
122,height,47
123,geometric,46
124,Suppose,46
125,miles,46
126,years,45
127,pair,44
128,difference,44
129,bx,43
130,quadratic,42
131,array,40
132,equal,40
133,log,40
134,fontsize,39
135,cycle,39
136,ticklength,39
137,xstep,39
138,ystep,39
139,bool,39
140,On,39
141,arithmetic,38
142,greatest,37
143,second,37
144,le,37
145,roots,36
146,four,36
147,nearest,35
148,interval,35
149,lceil,35
150,rceil,35
151,rate,34
152,less,34
153,cases,34
154,width,34
155,I,34
156,hour,33
157,abs,33
158,Compute,33
159,dfrac,33
160,return,32
161,domain,32
162,S,32
163,satisfy,32
164,pic,32
165,dollars,31
166,interest,31
167,smallest,31
168,written,31
169,largest,30
170,shown,30
171,import,30
172,displaystyle,30
173,gs,30
174,circle,29
175,least,29
176,axes,29
177,xaxis,29
178,yaxis,29
179,When,29
180,length,28
181,notation,28
182,lines,28
183,ball,28
184,xy,28
185,ordered,28
186,must,28
187,segment,27
188,ratio,27
189,solution,27
190,five,27
191,order,27
192,gray,27
193,ab,27
194,triangle,26
195,defaultpen,26
196,tickdown,26
197,rr,26
198,cartesian,26
199,useticks,26
200,complexplane,26
201,usegrid,26
202,textnormal,26
203,else,26
204,push,26
205,invisible,26
206,xequals,26
207,yequals,26
208,star,26
209,j,26
210,side,26
211,cdots,25
212,decimal,25
213,squares,25
214,range,25
215,minutes,25
216,given,25
217,cost,25
218,degree,25
219,exactly,24
220,polynomial,24
221,th,24
222,dps,24
223,Step,24
224,parabola,24
225,At,24
226,Each,23
227,coordinate,23
228,denominator,23
229,consecutive,23
230,time,23
231,floor,23
232,midpoint,22
233,equations,22
234,series,22
235,twice,22
236,plane,22
237,inversely,22
238,simplest,22
239,slope,22
240,new,22
241,center,21
242,simplified,21
243,much,21
244,distinct,21
245,whose,21
246,grid,21
247,age,21
248,rectangular,21
249,digit,21
250,would,21
251,added,21
252,days,21
253,take,21
254,SE,20
255,NW,20
256,intersect,20
257,year,20
258,Expand,20
259,cqcqcq,20
260,ceil,20
261,NoZero,20
262,pounds,20
263,average,19
264,graphs,19
265,vertices,19
266,third,19
267,ds,19
268,price,19
269,rectangle,19
270,w,19
271,together,19
272,intercept,18
273,inch,18
274,operation,18
275,respectively,18
276,satisfies,18
277,half,18
278,money,18
279,dots,18
280,overline,17
281,AB,17
282,proportional,17
283,maximum,17
284,prime,17
285,get,17
286,expressed,17
287,constant,17
288,constants,16
289,cl,16
290,pi,16
291,make,16
292,sides,16
293,mx,16
294,add,16
295,shift,16
296,After,16
297,every,16
298,endpoints,16
299,bank,16
300,u,16
301,weigh,16
302,amount,16
303,There,15
304,percent,15
305,dollar,15
306,passes,15
307,ldots,15
308,minimum,15
309,region,15
310,void,15
311,Label,15
312,EndArrow,15
313,old,15
314,seconds,15
315,axis,15
316,takes,15
317,perimeter,15
318,inches,15
319,quad,15
320,work,15
321,Calculate,14
322,Q,14
323,Define,14
324,M,14
325,infinite,14
326,system,14
327,unit,14
328,F,14
329,vertex,14
330,e,14
331,week,14
332,costs,14
333,even,14
334,members,14
335,coefficient,13
336,Two,13
337,ticklen,13
338,tickspace,13
339,vectorarrowsize,13
340,tickdownlength,13
341,tickdownbase,13
342,wholetickdown,13
343,Re,13
344,Im,13
345,ylimits,13
346,xlimits,13
347,BottomTop,13
348,LeftRight,13
349,lsf,13
350,portion,13
351,Rationalize,13
352,radius,13
353,ground,13
354,bacteria,13
355,cans,13
356,resulting,13
357,W,13
358,buy,13
359,kx,13
360,original,13
361,Factor,13
362,homework,13
363,coins,13
364,drawn,12
365,example,12
366,blue,12
367,contains,12
368,clip,12
369,six,12
370,root,12
371,functions,12
372,pt,12
373,people,12
374,row,12
375,nonzero,12
376,intersection,12
377,annual,12
378,students,12
379,nabla,12
380,last,12
381,v,12
382,div,12
383,works,12
384,friend,12
385,pay,12
386,different,12
387,To,12
388,lowery,12
389,uppery,12
390,car,12
391,fill,12
392,balls,12
393,leftpt,12
394,rightpt,12
395,alpha,11
396,beta,11
397,ge,11
398,string,11
399,compounds,11
400,annually,11
401,Cartesian,11
402,parallel,11
403,perpendicular,11
404,She,11
405,origin,11
406,lengths,11
407,certain,11
408,It,11
409,greater,11
410,Bob,11
411,multiple,11
412,cents,11
413,house,11
414,hline,11
415,linetype,11
416,inverse,11
417,odd,11
418,identical,11
419,earn,10
420,increasing,10
421,larger,10
422,month,10
423,equals,10
424,hundredth,10
425,enclosed,10
426,sp,10
427,operator,10
428,fencing,10
429,G,10
430,canoes,10
431,fractional,10
432,long,10
433,needs,10
434,travel,10
435,radical,10
436,neq,10
437,using,10
438,test,10
439,Monday,10
440,cubic,10
441,vertical,10
442,wants,10
443,tabular,10
444,Consider,10
445,rgb,10
446,compounded,10
447,int,10
448,cookie,10
449,box,10
450,marbles,10
451,eps,10
452,account,9
453,endpoint,9
454,An,9
455,decreasing,9
456,fourth,9
457,define,9
458,represents,9
459,Alex,9
460,room,9
461,back,9
462,satisfying,9
463,negative,9
464,Tuesday,9
465,coefficients,9
466,school,9
467,leq,9
468,shots,9
469,He,9
470,fractions,9
471,trip,9
472,problems,9
473,tenth,9
474,fifth,9
475,zero,9
476,Delta,9
477,factor,9
478,ten,9
479,whole,9
480,polynomials,9
481,fence,9
482,underline,9
483,pieces,8
484,complete,8
485,inclusive,8
486,binomial,8
487,use,8
488,dashed,8
489,write,8
490,built,8
491,previous,8
492,intercepts,8
493,divisible,8
494,Note,8
495,rounded,8
496,travels,8
497,gets,8
498,bi,8
499,set,8
500,adds,8
501,friends,8
502,O,8
503,makes,8
504,geq,8
505,Four,8
506,result,8
507,non,8
508,smaller,8
509,bigcirc,8
510,balance,8
511,containing,8
512,paperclips,8
513,made,8
514,speed,8
515,coffee,8
516,intersects,8
517,weeks,8
518,book,8
519,gum,7
520,let,7
521,Give,7
522,midpoints,7
523,clubsuit,7
524,give,7
525,bike,7
526,cfrac,7
527,flour,7
528,reach,7
529,describes,7
530,successive,7
531,bounces,7
532,foot,7
533,pairs,7
534,invested,7
535,simple,7
536,another,7
537,One,7
538,girls,7
539,apples,7
540,finish,7
541,buys,7
542,continues,7
543,walk,7
544,Daniel,7
545,invest,7
546,expansion,7
547,necessarily,7
548,sequences,7
549,bc,7
550,complex,7
551,lie,7
552,Z,7
553,ounces,7
554,used,7
555,meters,7
556,full,7
557,absolute,7
558,Below,7
559,Luke,7
560,workers,7
561,represented,7
562,volume,7
563,increased,7
564,Betty,7
565,Charlie,7
566,earned,7
567,Andrew,7
568,widgets,7
569,dir,7
570,separated,6
571,lowest,6
572,gon,6
573,means,6
574,without,6
575,pencil,6
576,mile,6
577,problem,6
578,equivalent,6
579,degrees,6
580,particular,6
581,Assume,6
582,H,6
583,Bx,6
584,projectile,6
585,picture,6
586,zeros,6
587,standing,6
588,pm,6
589,Assuming,6
590,score,6
591,force,6
592,next,6
593,factors,6
594,yz,6
595,xyz,6
596,summer,6
597,boys,6
598,needed,6
599,circles,6
600,eat,6
601,home,6
602,table,6
603,exists,6
604,cells,6
605,Y,6
606,store,6
607,Point,6
608,dimensions,6
609,June,6
610,Three,6
611,We,6
612,eight,6
613,double,6
614,attended,6
615,weight,6
616,pq,6
617,My,6
618,math,6
619,express,6
620,UnFill,6
621,calculate,6
622,Row,6
623,areas,6
624,working,6
625,night,6
626,Theta,6
627,got,6
628,Pete,6
629,Paul,6
630,produce,6
631,unitsquare,6
632,heightC,6
633,put,6
634,exam,6
635,pays,6
636,drawSquares,6
637,sleep,6
638,km,6
639,band,6
640,loc,6
641,property,5
642,nx,5
643,paper,5
644,You,5
645,may,5
646,trying,5
647,ABC,5
648,lies,5
649,regular,5
650,nine,5
651,varies,5
652,entire,5
653,NE,5
654,subsequent,5
655,Which,5
656,closest,5
657,begins,5
658,far,5
659,l,5
660,Ax,5
661,solve,5
662,gives,5
663,dropped,5
664,mean,5
665,follows,5
666,directly,5
667,Write,5
668,investment,5
669,display,5
670,numerator,5
671,secret,5
672,student,5
673,linear,5
674,xz,5
675,either,5
676,purchase,5
677,small,5
678,rows,5
679,inequality,5
680,froods,5
681,undefined,5
682,consists,5
683,also,5
684,lawn,5
685,part,5
686,Circle,5
687,located,5
688,splits,5
689,This,5
690,Emily,5
691,bill,5
692,correct,5
693,eighth,5
694,ride,5
695,Completely,5
696,assuming,5
697,quarterly,5
698,Joe,5
699,ac,5
700,pattern,5
701,evaluate,5
702,thrown,5
703,nonnegative,5
704,ants,5
705,Species,5
706,field,5
707,obtained,5
708,current,5
709,ages,5
710,tank,5
711,large,5
712,George,5
713,infty,5
714,legs,5
715,cent,5
716,jar,5
717,cool,5
718,bills,5
719,amoebas,5
720,lattice,5
721,pound,5
722,page,5
723,received,5
724,coin,5
725,yellow,5
726,pool,5
727,worked,5
728,bananas,5
729,SW,5
730,widthC,5
731,widthE,5
732,lengthE,5
733,angleE,5
734,gallons,5
735,questions,5
736,bus,5
737,organization,5
738,passing,4
739,Bank,4
740,formula,4
741,parabolas,4
742,List,4
743,compute,4
744,borrowed,4
745,divided,4
746,multiplied,4
747,like,4
748,combined,4
749,continuous,4
750,lifting,4
751,water,4
752,run,4
753,calculator,4
754,Fermat,4
755,distances,4
756,solved,4
757,completing,4
758,process,4
759,diagram,4
760,bowtie,4
761,OmitTick,4
762,Brenda,4
763,older,4
764,bought,4
765,dividing,4
766,integral,4
767,cube,4
768,ends,4
769,digits,4
770,unitsize,4
771,path,4
772,invertible,4
773,rest,4
774,logs,4
775,high,4
776,starts,4
777,traveled,4
778,Earth,4
779,Bill,4
780,Jo,4
781,Kate,4
782,told,4
783,know,4
784,perfect,4
785,ft,4
786,denote,4
787,yards,4
788,contain,4
789,game,4
790,earns,4
791,remaining,4
792,formed,4
793,st,4
794,mow,4
795,fully,4
796,iz,4
797,diameter,4
798,differ,4
799,die,4
800,rational,4
801,answers,4
802,commas,4
803,Real,4
804,tax,4
805,income,4
806,shifted,4
807,improper,4
808,Then,4
809,loan,4
810,necessary,4
811,increase,4
812,hit,4
813,reported,4
814,cd,4
815,subtract,4
816,period,4
817,temperature,4
818,Anton,4
819,chess,4
820,team,4
821,Mark,4
822,sized,4
823,reciprocals,4
824,James,4
825,applied,4
826,hold,4
827,able,4
828,beginning,4
829,doubled,4
830,paint,4
831,backyard,4
832,cover,4
833,seventh,4
834,took,4
835,pizza,4
836,progression,4
837,fee,4
838,puddle,4
839,pencils,4
840,Amy,4
841,making,4
842,Mr,4
843,good,4
844,men,4
845,pages,4
846,finger,4
847,meet,4
848,David,4
849,moved,4
850,ink,4
851,green,4
852,white,4
853,Pirate,4
854,pile,4
855,charges,4
856,uses,4
857,read,4
858,could,4
859,symmetry,4
860,puppy,4
861,cat,4
862,round,4
863,Stage,4
864,textsize,4
865,cx,4
866,mbox,4
867,midpt,4
868,seats,4
869,deposited,4
870,balances,4
871,whoosits,4
872,J,4
873,Sandy,4
874,spadesuit,4
875,John,4
876,Andy,4
877,wrong,4
878,arc,4
879,shirt,4
880,bowling,4
881,ratios,4
882,head,4
883,Plan,4
884,gallon,4
885,frame,4
886,formation,4
887,increases,4
888,Sequence,4
889,sugar,4
890,assignments,4
891,cherry,3
892,grape,3
893,instead,3
894,finds,3
895,stringpair,3
896,invests,3
897,semicolons,3
898,charged,3
899,months,3
900,owe,3
901,Finally,3
902,Line,3
903,called,3
904,triangular,3
905,feel,3
906,minimized,3
907,obtains,3
908,factored,3
909,enclose,3
910,garden,3
911,cups,3
912,stop,3
913,way,3
914,piecewise,3
915,launched,3
916,upward,3
917,parabolic,3
918,launch,3
919,penny,3
920,pennies,3
921,graphed,3
922,top,3
923,paid,3
924,letters,3
925,always,3
926,colony,3
927,completely,3
928,By,3
929,overall,3
930,certificate,3
931,gravitational,3
932,surface,3
933,Your,3
934,selected,3
935,probability,3
936,Points,3
937,attend,3
938,picnic,3
939,Their,3
940,created,3
941,dropping,3
942,asymptotes,3
943,burgers,3
944,soda,3
945,burger,3
946,hop,3
947,Meanwhile,3
948,valued,3
949,mixed,3
950,Mary,3
951,Using,3
952,results,3
953,asymptote,3
954,American,3
955,euros,3
956,cake,3
957,enough,3
958,odot,3
959,X,3
960,XY,3
961,collected,3
962,toaster,3
963,customers,3
964,Susie,3
965,apart,3
966,scale,3
967,enter,3
968,bounded,3
969,condition,3
970,payment,3
971,population,3
972,none,3
973,stage,3
974,multiply,3
975,single,3
976,products,3
977,yearly,3
978,repeatedly,3
979,volumes,3
980,available,3
981,enchiladas,3
982,tacos,3
983,bf,3
984,ant,3
985,farm,3
986,knows,3
987,female,3
988,vary,3
989,boundary,3
990,otherwise,3
991,standard,3
992,loosen,3
993,bolt,3
994,wrench,3
995,divisor,3
996,pick,3
997,preceding,3
998,ay,3
999,lowerx,3
1000,upperx,3
1001,reflect,3
1002,brakes,3
1003,stops,3
1004,rationalizing,3
1005,faces,3
1006,adjacent,3
1007,decided,3
1008,figures,3
1009,JoAnn,3
1010,cup,3
1011,drank,3
1012,cream,3
1013,inside,3
1014,V,3
1015,rationalize,3
1016,payments,3
1017,list,3
1018,build,3
1019,refrigerator,3
1020,sixth,3
1021,motel,3
1022,flat,3
1023,amoeba,3
1024,placed,3
1025,pens,3
1026,Abby,3
1027,Bart,3
1028,Cindy,3
1029,Damon,3
1030,pressure,3
1031,gas,3
1032,expanded,3
1033,power,3
1034,mistakenly,3
1035,Al,3
1036,surveyed,3
1037,segments,3
1038,Larry,3
1039,output,3
1040,Jack,3
1041,walked,3
1042,Box,3
1043,ell,3
1044,Annie,3
1045,Barbara,3
1046,equidistant,3
1047,upwards,3
1048,percentage,3
1049,Joann,3
1050,variables,3
1051,bag,3
1052,Hoses,3
1053,turns,3
1054,bisector,3
1055,BC,3
1056,Diamond,3
1057,says,3
1058,giving,3
1059,tables,3
1060,rewrites,3
1061,Marika,3
1062,birthday,3
1063,bouquet,3
1064,roses,3
1065,energy,3
1066,additional,3
1067,train,3
1068,piggy,3
1069,sack,3
1070,bunch,3
1071,cantaloupe,3
1072,sale,3
1073,Determine,3
1074,charge,3
1075,diagonal,3
1076,airplane,3
1077,Mrs,3
1078,Berkeley,3
1079,hiked,3
1080,respective,3
1081,px,3
1082,Julie,3
1083,Beth,3
1084,evaluated,3
1085,shirts,3
1086,sandwiches,3
1087,jam,3
1088,Allie,3
1089,rolls,3
1090,ate,3
1091,league,3
1092,discounts,3
1093,Chris,3
1094,ago,3
1095,pebble,3
1096,collects,3
1097,street,3
1098,houses,3
1099,addresses,3
1100,faucets,3
1101,plus,3
1102,algae,3
1103,dagger,3
1104,frisbee,3
1105,crusts,3
1106,leaders,3
1107,Ryosuke,3
1108,Chewbacca,2
1109,Some,2
1110,packs,2
1111,pack,2
1112,savings,2
1113,Lisa,2
1114,diamondsuit,2
1115,quotient,2
1116,Kimberly,2
1117,borrows,2
1118,monthly,2
1119,remainder,2
1120,counting,2
1121,natural,2
1122,Laura,2
1123,swimming,2
1124,spends,2
1125,changing,2
1126,running,2
1127,drink,2
1128,Her,2
1129,lasts,2
1130,fast,2
1131,Wanda,2
1132,locate,2
1133,guesses,2
1134,computes,2
1135,came,2
1136,novel,2
1137,words,2
1138,tx,2
1139,Addison,2
1140,Janet,2
1141,ast,2
1142,BoatsRUs,2
1143,January,2
1144,calendar,2
1145,inequalities,2
1146,cookies,2
1147,map,2
1148,centimeter,2
1149,kilometers,2
1150,represent,2
1151,going,2
1152,From,2
1153,olympiad,2
1154,L,2
1155,T,2
1156,bahs,2
1157,rahs,2
1158,yahs,2
1159,denotes,2
1160,R,2
1161,labels,2
1162,atan,2
1163,thirds,2
1164,chairs,2
1165,Without,2
1166,stack,2
1167,bottom,2
1168,fell,2
1169,doubles,2
1170,traveling,2
1171,taxi,2
1172,Ann,2
1173,fare,2
1174,exerts,2
1175,object,2
1176,Newtons,2
1177,layer,2
1178,similar,2
1179,thing,2
1180,however,2
1181,rounds,2
1182,rounding,2
1183,Jessica,2
1184,quarters,2
1185,yard,2
1186,Cu,2
1187,falls,2
1188,School,2
1189,lunks,2
1190,kunks,2
1191,dozen,2
1192,tangent,2
1193,starting,2
1194,million,2
1195,multiplying,2
1196,recent,2
1197,Shenille,2
1198,attempted,2
1199,scores,2
1200,eating,2
1201,Megan,2
1202,sodas,2
1203,Lauren,2
1204,decimals,2
1205,thirteenth,2
1206,Tom,2
1207,Margo,2
1208,route,2
1209,walking,2
1210,removed,2
1211,split,2
1212,organism,2
1213,cell,2
1214,becomes,2
1215,ne,2
1216,Berengere,2
1217,bakery,2
1218,They,2
1219,want,2
1220,need,2
1221,Rewrite,2
1222,algebra,2
1223,comes,2
1224,yield,2
1225,minus,2
1226,claims,2
1227,measured,2
1228,sales,2
1229,according,2
1230,chosen,2
1231,Pretty,2
1232,Penny,2
1233,Five,2
1234,originally,2
1235,Julia,2
1236,live,2
1237,All,2
1238,triangles,2
1239,drawing,2
1240,entering,2
1241,character,2
1242,parentheses,2
1243,brackets,2
1244,Of,2
1245,owes,2
1246,amounts,2
1247,Round,2
1248,present,2
1249,abc,2
1250,toothpicks,2
1251,arrangement,2
1252,create,2
1253,drawSquare,2
1254,squirrel,2
1255,mn,2
1256,decrease,2
1257,downward,2
1258,corresponding,2
1259,measles,2
1260,decreased,2
1261,da,2
1262,opposite,2
1263,Jose,2
1264,Patricia,2
1265,acid,2
1266,past,2
1267,Also,2
1268,hardcover,2
1269,sells,2
1270,fixed,2
1271,ones,2
1272,species,2
1273,Day,2
1274,counts,2
1275,conditions,2
1276,However,2
1277,meeting,2
1278,Jim,2
1279,membership,2
1280,male,2
1281,writing,2
1282,Cookie,2
1283,Monster,2
1284,encounters,2
1285,confused,2
1286,lunch,2
1287,snack,2
1288,dish,2
1289,handle,2
1290,requires,2
1291,reciprocal,2
1292,Mickey,2
1293,Jerry,2
1294,pass,2
1295,still,2
1296,simplifying,2
1297,super,2
1298,reached,2
1299,exceeds,2
1300,Louise,2
1301,Jasmine,2
1302,proceeded,2
1303,triple,2
1304,goes,2
1305,liters,2
1306,Tiffany,2
1307,court,2
1308,enclosure,2
1309,space,2
1310,Ramanujan,2
1311,Hardy,2
1312,played,2
1313,picked,2
1314,di,2
1315,fi,2
1316,covered,2
1317,scored,2
1318,response,2
1319,incorrect,2
1320,unanswered,2
1321,Sarah,2
1322,exact,2
1323,cubed,2
1324,specific,2
1325,knowledge,2
1326,rewrite,2
1327,lesser,2
1328,Here,2
1329,choice,2
1330,Billy,2
1331,information,2
1332,mentally,2
1333,subtracts,2
1334,well,2
1335,show,2
1336,counted,2
1337,acrobats,2
1338,heads,2
1339,piece,2
1340,quantity,2
1341,inscribed,2
1342,Richard,2
1343,Arrow,2
1344,sgn,2
1345,tiles,2
1346,listed,2
1347,embankment,2
1348,taken,2
1349,eaten,2
1350,sums,2
1351,Natalie,2
1352,bushes,2
1353,containers,2
1354,blueberries,2
1355,zucchinis,2
1356,shortest,2
1357,adding,2
1358,stay,2
1359,nights,2
1360,prices,2
1361,include,2
1362,cereal,2
1363,say,2
1364,liter,2
1365,container,2
1366,kPa,2
1367,discriminant,2
1368,dig,2
1369,foundation,2
1370,Darren,2
1371,clams,2
1372,daily,2
1373,Fergie,2
1374,Zachary,2
1375,Clare,2
1376,study,2
1377,found,2
1378,women,2
1379,funding,2
1380,research,2
1381,connecting,2
1382,Phi,2
1383,varphi,2
1384,writes,2
1385,hole,2
1386,Jill,2
1387,min,2
1388,rents,2
1389,cubes,2
1390,Ted,2
1391,Sally,2
1392,free,2
1393,attempts,2
1394,rode,2
1395,Jaclyn,2
1396,monic,2
1397,ar,2
1398,powers,2
1399,places,2
1400,outside,2
1401,refill,2
1402,absent,2
1403,hoses,2
1404,count,2
1405,bows,2
1406,Enter,2
1407,Next,2
1408,raised,2
1409,oslash,2
1410,stools,2
1411,successfully,2
1412,father,2
1413,letter,2
1414,eleventh,2
1415,stored,2
1416,start,2
1417,Joules,2
1418,decides,2
1419,material,2
1420,Provide,2
1421,footnotesize,2
1422,flight,2
1423,stairs,2
1424,ABCD,2
1425,carton,2
1426,dates,2
1427,Juan,2
1428,subtracted,2
1429,chocolate,2
1430,candies,2
1431,multiples,2
1432,horse,2
1433,go,2
1434,revolutions,2
1435,mathrm,2
1436,described,2
1437,Xanthia,2
1438,Molly,2
1439,Cx,2
1440,Terrell,2
1441,weights,2
1442,lift,2
1443,Class,2
1444,centered,2
1445,class,2
1446,latest,2
1447,seven,2
1448,theta,2
1449,Cedric,2
1450,compare,2
1451,minimal,2
1452,continued,2
1453,figure,2
1454,shaded,2
1455,Harry,2
1456,younger,2
1457,intersectionpoint,2
1458,receive,2
1459,Alec,2
1460,plans,2
1461,dog,2
1462,Seven,2
1463,Elmo,2
1464,peanut,2
1465,butter,2
1466,nonconstant,2
1467,jellybeans,2
1468,tree,2
1469,ccc,2
1470,local,2
1471,males,2
1472,debt,2
1473,accumulates,2
1474,Angela,2
1475,priced,2
1476,Ben,2
1477,along,2
1478,pebbles,2
1479,bookstore,2
1480,approach,2
1481,rather,2
1482,cucumbers,2
1483,obtainable,2
1484,vertically,2
1485,horizontally,2
1486,beans,2
1487,Shea,2
1488,corn,2
1489,Jordan,2
1490,Steve,2
1491,wall,2
1492,maximize,2
1493,BoatWorks,2
1494,properties,2
1495,Manu,2
1496,orange,2
1497,Sean,2
1498,painters,2
1499,job,2
1500,south,2
1501,north,2
1502,etc,2
1503,paints,2
1504,Diana,2
1505,Eduardo,2
1506,Chad,2
1507,Faye,2
1508,tub,2
1509,Frederick,2
1510,born,2
1511,filldraw,2
1512,aluminum,2
1513,recycled,2
1514,relatively,2
1515,member,2
1516,pond,2
1517,Bao,2
1518,woman,2
1519,grains,2
1520,rice,2
1521,bullet,2
1522,utility,2
1523,relation,2
1524,getting,2
1525,Piravena,2
1526,entirely,2
1527,kilometer,2
1528,Lulu,2
1529,delta,2
1530,phi,2
1531,pie,2
1532,oplus,2
1533,K,2
1534,pasture,2
1535,barn,2
1536,lollipops,2
1537,dotsb,2
1538,reads,2
1539,teacher,2
1540,grandfather,2
1541,items,2
1542,mathbf,2
1543,mathit,2
1544,cheese,2
1545,mouse,2
1546,mediumgrey,2
1547,others,1
1548,loose,1
1549,loses,1
1550,leading,1
1551,Springfield,1
1552,Super,1
1553,High,1
1554,Yield,1
1555,accounts,1
1556,Lucy,1
1557,tfrac,1
1558,geometrically,1
1559,training,1
1560,triathlon,1
1561,bikes,1
1562,parking,1
1563,shoes,1
1564,catching,1
1565,runs,1
1566,workout,1
1567,Krzysztof,1
1568,mb,1
1569,polygon,1
1570,diagonals,1
1571,author,1
1572,completed,1
1573,BeginArrow,1
1574,twins,1
1575,Mackenzie,1
1576,May,1
1577,halfway,1
1578,Lee,1
1579,cse,1
1580,Engineers,1
1581,crushing,1
1582,load,1
1583,pillars,1
1584,PQR,1
1585,labelled,1
1586,currently,1
1587,Vertex,1
1588,seated,1
1589,fourths,1
1590,empty,1
1591,ending,1
1592,Max,1
1593,dirt,1
1594,upfront,1
1595,dx,1
1596,Ay,1
1597,Antonette,1
1598,tests,1
1599,engineer,1
1600,worth,1
1601,moon,1
1602,earth,1
1603,layers,1
1604,supermarket,1
1605,independently,1
1606,heard,1
1607,dimes,1
1608,currentprojection,1
1609,orthographic,1
1610,yd,1
1611,statement,1
1612,rise,1
1613,Homewood,1
1614,Middle,1
1615,boy,1
1616,girl,1
1617,traded,1
1618,Circles,1
1619,centers,1
1620,alternatively,1
1621,Anisha,1
1622,grocer,1
1623,lower,1
1624,basketball,1
1625,successful,1
1626,Frood,1
1627,Eating,1
1628,hot,1
1629,likes,1
1630,Popsicle,1
1631,keeps,1
1632,consumption,1
1633,Popsicles,1
1634,Uri,1
1635,Gen,1
1636,Kevin,1
1637,Kangaroo,1
1638,hopping,1
1639,tires,1
1640,hopped,1
1641,hops,1
1642,Jane,1
1643,Alice,1
1644,beneath,1
1645,Dr,1
1646,Fu,1
1647,Manchu,1
1648,fiftieth,1
1649,alone,1
1650,remains,1
1651,mowed,1
1652,walks,1
1653,median,1
1654,plot,1
1655,regions,1
1656,horizontal,1
1657,foreign,1
1658,exchange,1
1659,Paris,1
1660,accepts,1
1661,neither,1
1662,contribute,1
1663,euro,1
1664,USD,1
1665,Lucky,1
1666,Lacy,1
1667,missed,1
1668,Jana,1
1669,overlaid,1
1670,grouped,1
1671,alphabet,1
1672,assigned,1
1673,random,1
1674,word,1
1675,MATH,1
1676,TEAM,1
1677,MEET,1
1678,city,1
1679,taxation,1
1680,thousand,1
1681,Take,1
1682,electronics,1
1683,popularity,1
1684,theory,1
1685,numerically,1
1686,Dime,1
1687,rotated,1
1688,Bernard,1
1689,precedes,1
1690,park,1
1691,shows,1
1692,although,1
1693,appear,1
1694,appears,1
1695,borrow,1
1696,options,1
1697,accrue,1
1698,lump,1
1699,schemes,1
1700,studying,1
1701,exception,1
1702,stages,1
1703,toothpick,1
1704,solves,1
1705,exist,1
1706,Since,1
1707,representing,1
1708,Mars,1
1709,possibilities,1
1710,coincides,1
1711,U,1
1712,linearly,1
1713,XZ,1
1714,ZY,1
1715,fg,1
1716,gh,1
1717,hj,1
1718,fj,1
1719,pure,1
1720,Salt,1
1721,Lake,1
1722,UT,1
1723,noon,1
1724,Starting,1
1725,Shaffiq,1
1726,divides,1
1727,reaches,1
1728,inverses,1
1729,Theodore,1
1730,Sturgeon,1
1731,paperback,1
1732,Theresa,1
1733,copy,1
1734,Ramon,1
1735,item,1
1736,primes,1
1737,appearance,1
1738,mathematical,1
1739,apply,1
1740,radicals,1
1741,everyday,1
1742,Hardey,1
1743,Fitness,1
1744,Center,1
1745,management,1
1746,survey,1
1747,Quantities,1
1748,thousandths,1
1749,CB,1
1750,Ap,1
1751,Bp,1
1752,Cp,1
1753,possibly,1
1754,lab,1
1755,require,1
1756,wx,1
1757,Academic,1
1758,Academy,1
1759,miss,1
1760,occur,1
1761,py,1
1762,mnp,1
1763,randomly,1
1764,choose,1
1765,window,1
1766,bounce,1
1767,rises,1
1768,caught,1
1769,hitting,1
1770,meter,1
1771,travelled,1
1772,tick,1
1773,mark,1
1774,alternate,1
1775,Eight,1
1776,cylindrical,1
1777,differences,1
1778,constructing,1
1779,around,1
1780,tennis,1
1781,Regulation,1
1782,states,1
1783,accommodate,1
1784,benches,1
1785,storage,1
1786,optimal,1
1787,Six,1
1788,labeled,1
1789,intersections,1
1790,except,1
1791,Karen,1
1792,drove,1
1793,continuously,1
1794,AMC,1
1795,awarding,1
1796,looking,1
1797,attempt,1
1798,leave,1
1799,correctly,1
1800,signs,1
1801,acd,1
1802,curve,1
1803,cg,1
1804,government,1
1805,bond,1
1806,Topsoil,1
1807,topsoil,1
1808,evidence,1
1809,includes,1
1810,Based,1
1811,call,1
1812,ounce,1
1813,stirred,1
1814,While,1
1815,watching,1
1816,circus,1
1817,elephants,1
1818,see,1
1819,land,1
1820,restrict,1
1821,polygons,1
1822,Eighty,1
1823,Complex,1
1824,often,1
1825,dealing,1
1826,alternating,1
1827,AC,1
1828,circuits,1
1829,IZ,1
1830,voltage,1
1831,known,1
1832,impedance,1
1833,Joanie,1
1834,columns,1
1835,experiment,1
1836,jx,1
1837,symbols,1
1838,dotsm,1
1839,everyone,1
1840,denominators,1
1841,building,1
1842,bordered,1
1843,rods,1
1844,connectors,1
1845,connector,1
1846,rod,1
1847,homeowners,1
1848,plan,1
1849,middle,1
1850,ascending,1
1851,rectangles,1
1852,trips,1
1853,forms,1
1854,Fully,1
1855,twenty,1
1856,blueberry,1
1857,yields,1
1858,trade,1
1859,forty,1
1860,charging,1
1861,thereafter,1
1862,Noah,1
1863,living,1
1864,evenly,1
1865,divide,1
1866,tens,1
1867,planning,1
1868,Unfortunately,1
1869,sick,1
1870,No,1
1871,ca,1
1872,Together,1
1873,mathbb,1
1874,Fat,1
1875,Thin,1
1876,emph,1
1877,Among,1
1878,question,1
1879,NEI,1
1880,sample,1
1881,oxygen,1
1882,move,1
1883,Tim,1
1884,edges,1
1885,ad,1
1886,steadily,1
1887,apartment,1
1888,numbered,1
1889,Ethan,1
1890,Gertie,1
1891,repayments,1
1892,change,1
1893,nickel,1
1894,nickels,1
1895,farthest,1
1896,cccc,1
1897,away,1
1898,among,1
1899,ways,1
1900,whereas,1
1901,managed,1
1902,lose,1
1903,support,1
1904,medical,1
1905,supported,1
1906,pinky,1
1907,applies,1
1908,ring,1
1909,applying,1
1910,suppose,1
1911,longest,1
1912,quadrilateral,1
1913,Its,1
1914,sin,1
1915,Place,1
1916,including,1
1917,hill,1
1918,max,1
1919,whichever,1
1920,similarly,1
1921,Shown,1
1922,Ivan,1
1923,drives,1
1924,party,1
1925,town,1
1926,agree,1
1927,locations,1
1928,location,1
1929,Anthony,1
1930,throw,1
1931,success,1
1932,Fran,1
1933,rides,1
1934,Marcelle,1
1935,think,1
1936,involving,1
1937,Later,1
1938,tired,1
1939,simplify,1
1940,exponents,1
1941,measures,1
1942,carpet,1
1943,Rural,1
1944,USA,1
1945,enrolled,1
1946,moment,1
1947,remove,1
1948,filled,1
1949,since,1
1950,jumbo,1
1951,As,1
1952,meets,1
1953,extended,1
1954,shares,1
1955,treasure,1
1956,interesting,1
1957,distributed,1
1958,gold,1
1959,competition,1
1960,held,1
1961,stool,1
1962,Po,1
1963,said,1
1964,Type,1
1965,option,1
1966,Rosa,1
1967,Rose,1
1968,Shop,1
1969,equilateral,1
1970,configuration,1
1971,stores,1
1972,produces,1
1973,Exhausted,1
1974,fewer,1
1975,manages,1
1976,freight,1
1977,minute,1
1978,Wendy,1
1979,Milton,1
1980,spilled,1
1981,stain,1
1982,cats,1
1983,returns,1
1984,road,1
1985,mm,1
1986,Climbing,1
1987,Jimmy,1
1988,climb,1
1989,flights,1
1990,purchases,1
1991,Sanchez,1
1992,asked,1
1993,mistake,1
1994,Maria,1
1995,union,1
1996,intervals,1
1997,Machiavelli,1
1998,television,1
1999,discounted,1
2000,slashed,1
2001,liquidation,1
2002,reduced,1
2003,share,1
2004,Use,1
2005,Sam,1
2006,hired,1
2007,earnings,1
2008,merry,1
2009,AE,1
2010,CD,1
2011,late,1
2012,Jenna,1
2013,due,1
2014,date,1
2015,Exactly,1
2016,reading,1
2017,prism,1
2018,machine,1
2019,input,1
2020,currentpen,1
2021,Multiply,1
2022,Compare,1
2023,Add,1
2024,Subtract,1
2025,Out,1
2026,Sin,1
2027,usually,1
2028,lifts,1
2029,sections,1
2030,First,1
2031,Business,1
2032,Economy,1
2033,attainable,1
2034,perimeters,1
2035,Abraham,1
2036,removing,1
2037,leftmost,1
2038,ninth,1
2039,Kyle,1
2040,sixteenth,1
2041,seventeenth,1
2042,Phoenix,1
2043,Rocky,1
2044,Path,1
2045,Trail,1
2046,averaged,1
2047,hike,1
2048,trail,1
2049,raises,1
2050,hd,1
2051,rebounds,1
2052,hits,1
2053,rccccc,1
2054,rd,1
2055,strictly,1
2056,Sixteen,1
2057,straight,1
2058,factory,1
2059,production,1
2060,Dave,1
2061,indefinitely,1
2062,dotfactor,1
2063,mathematician,1
2064,drinks,1
2065,wish,1
2066,Hogwarts,1
2067,lvert,1
2068,rvert,1
2069,solving,1
2070,Positive,1
2071,rs,1
2072,believes,1
2073,related,1
2074,believe,1
2075,binomials,1
2076,Both,1
2077,dad,1
2078,thirty,1
2079,within,1
2080,mutually,1
2081,externally,1
2082,radii,1
2083,entrance,1
2084,shopping,1
2085,warehouse,1
2086,allow,1
2087,tied,1
2088,post,1
2089,rope,1
2090,fundraiser,1
2091,sandwich,1
2092,globs,1
2093,glob,1
2094,blobs,1
2095,blob,1
2096,spaced,1
2097,farmer,1
2098,Separate,1
2099,gasoline,1
2100,marble,1
2101,play,1
2102,rolling,1
2103,player,1
2104,awarded,1
2105,Jenny,1
2106,remained,1
2107,accidentally,1
2108,subtracting,1
2109,Working,1
2110,Xenia,1
2111,hourly,1
2112,wage,1
2113,Participation,1
2114,soccer,1
2115,higher,1
2116,females,1
2117,participating,1
2118,participants,1
2119,borrowing,1
2120,offers,1
2121,everything,1
2122,nested,1
2123,abcd,1
2124,satisfied,1
2125,regularly,1
2126,coupon,1
2127,discount,1
2128,final,1
2129,person,1
2130,mows,1
2131,uphill,1
2132,hr,1
2133,Murtha,1
2134,collection,1
2135,twelfth,1
2136,Perry,1
2137,Hotter,1
2138,offering,1
2139,clever,1
2140,shopper,1
2141,realizes,1
2142,depending,1
2143,save,1
2144,taking,1
2145,better,1
2146,Tyler,1
2147,Lines,1
2148,Krista,1
2149,Sunday,1
2150,morning,1
2151,exceed,1
2152,downwards,1
2153,translated,1
2154,Corn,1
2155,ran,1
2156,rates,1
2157,leaves,1
2158,board,1
2159,remain,1
2160,Heidi,1
2161,Eleven,1
2162,seventy,1
2163,deciding,1
2164,books,1
2165,sold,1
2166,revenue,1
2167,March,1
2168,occurs,1
2169,convenience,1
2170,sq,1
2171,longer,1
2172,Carlos,1
2173,flipping,1
2174,flip,1
2175,wins,1
2176,win,1
2177,sign,1
2178,painter,1
2179,appropriate,1
2180,collect,1
2181,Monica,1
2182,shorter,1
2183,dispense,1
2184,grandparents,1
2185,gave,1
2186,gift,1
2187,Consecutive,1
2188,place,1
2189,elongated,1
2190,stands,1
2191,Marina,1
2192,eventually,1
2193,Remember,1
2194,newer,1
2195,Do,1
2196,determined,1
2197,director,1
2198,arranges,1
2199,reduces,1
2200,covering,1
2201,Smith,1
2202,magic,1
2203,column,1
2204,later,1
2205,chessboard,1
2206,puts,1
2207,soon,1
2208,Samson,1
2209,derives,1
2210,Utility,1
2211,done,1
2212,plays,1
2213,spending,1
2214,playing,1
2215,Answer,1
2216,proportionality,1
2217,stays,1
2218,parts,1
2219,cities,1
2220,angled,1
2221,booking,1
2222,flew,1
2223,fly,1
2224,leg,1
2225,With,1
2226,Karl,1
2227,attempting,1
2228,economic,1
2229,fp,1
2230,cow,1
2231,altogether,1
2232,Every,1
2233,kicked,1
2234,join,1
2235,elected,1
2236,become,1
2237,fifteen,1
2238,Moving,1
2239,applications,1
2240,cliff,1
2241,picking,1
2242,odometer,1
2243,picks,1
2244,drops,1
2245,drive,1
2246,combination,1
2247,asks,1
2248,calculates,1
2249,twelve,1
2250,Scott,1
2251,completes,1
2252,Noelle,1
2253,assignment,1
2254,rightarrow,1
2255,Janice,1
2256,farther,1
2257,closer,1
